<?xml version="1.0" encoding="UTF-8" ?>
<!DOCTYPE mapper PUBLIC "-//mybatis.org//DTD Mapper 3.0//EN"
        "http://mybatis.org/dtd/mybatis-3-mapper.dtd" >

<mapper namespace="com.itheima.health.dao.CheckGroupDao">
    <!-- 检查组分页查询 -->
    <select id="findPage" resultType="com.itheima.health.pojo.CheckGroup">
        select * from t_checkgroup
        <where>
            <if test="queryString != null and queryString !=''">
                code like "%"#{queryString}"%" or name like "%"#{queryString}"%"
                or helpCode like "%"#{queryString}"%"
            </if>
        </where>
    </select>
    <!-- 编辑检查项 -->
    <update id="edit">
        update t_checkgroup
        <set>
            <if test="code != null and code != ''">
                code = #{code},
            </if>
            <if test="name != null and name != ''">
                name = #{name},
            </if>
            <if test="helpCode != null and helpCode != ''">
                helpCode = #{helpCode},
            </if>
            <if test="sex != null and sex != ''">
                sex = #{sex},
            </if>
            <if test="remark != null and remark != ''">
                remark = #{remark},
            </if>
            <if test="attention != null and attention != ''">
                attention = #{attention}
            </if>
        </set>
        where id = #{id};
    </update>






</mapper>