<?xml version="1.0" encoding="UTF-8" ?>
<!DOCTYPE mapper PUBLIC "-//mybatis.org//DTD Mapper 3.0//EN"
        "http://mybatis.org/dtd/mybatis-3-mapper.dtd" >

<mapper namespace="com.itheima.health.dao.SetmealDao">
    <!-- 检查项分页查询 -->
    <select id="findPage" resultType="com.itheima.health.pojo.Setmeal">
    select * from t_setmeal
    <where>
        <if test="queryString != null and queryString !=''">
            code like "%"#{queryString}"%" or name like "%"#{queryString}"%" or helpCode like "%"#{queryString}"%"
        </if>
    </where>
    </select>

    <update id="edit">
    update t_setmeal
    <set>
    <if test="name != null and name != ''">
        name = #{name},
    </if>
    <if test="code != null and code != ''">
        code = #{code},
    </if>
    <if test="helpCode != null and helpCode != ''">
        helpCode = #{helpCode},
    </if>
    <if test="sex != null and sex != ''">
    sex = #{sex},
    </if>
        <if test="age != null and age != ''">
            age = #{age},
        </if>
        <if test="price != null">
            price = #{price},
        </if>
        <if test="remark != null and remark != ''">
            remark = #{remark},
        </if>
        <if test="attention != null and attention != ''">
            attention = #{attention},
        </if>
        <if test="img != null and img != ''">
            img = #{img}
        </if>
    </set>
        where id = #{id};
    </update>

</mapper>